Testa da silva sauro,F,4991625789,,sauro@gmail.com,05821321944,48965214,04/07/1988
Tiburcio,F,4991625199,,Tiburcio@gmail.com,23454366566,48965214,04/07/1988
Trabuco dos 38,F,4991625199,,trabuco@gmail.com,05833333944,48965214,04/07/1988
tison,F,4991625199,,tison@gmail.com,05821243944,48965214,04/07/1988
fulano,F,4991625199,,fulano@gmail.com,05321043944,48965214,04/07/1988
ciclano,F,4991625199,,ciclano@gmail.com,12321043944,48965214,04/07/1988
beltrano,F,4991625199,,beltrano@gmail.com,03212043944,48965214,04/07/1988
cestrano,F,4991625199,,cestrano@gmail.com,05821043212,48965214,04/07/1988
testrano,F,4991625199,,testrano@gmail.com,05321233944,48965214,04/07/1988
coiso,F,4991625199,,coiso@gmail.com,01811043914,48965214,04/07/1988
coisa,F,4991625199,,coisa@gmail.com,05821043944,48965214,04/07/1988
fulano de tal,F,4991625199,,fulanodetal@gmail.com,08978979877,48965214,04/07/1988
ciclanodetal,F,4991625199,,ciclanodetal@gmail.com,12312332132,48965214,04/07/1988
beltranodetal,F,4991625199,,beltranodetal@gmail.com,43243243423,48965214,04/07/1988
coisodetal,F,4991625199,,coisodetal@gmail.com,67657454645,48965214,04/07/1988